{
  "manifestVersion": "3.2",
  "admin": {
    "address": "0x409a4264d068061aBc6E754f9C167ed3366ded15"
  },
  "proxies": [
    {
      "address": "0xC37c03CC1c1F3Ef626F71B774deD180bf6d5A54c",
      "kind": "transparent"
    },
    {
      "address": "0xA0C206CCAb32155432A89c1b52BC80f57f3930de",
      "txHash": "0xb3f62a170d48de7c9fe0fc586fd4b778f76691cc606330f52444be8149cd720c",
      "kind": "transparent"
    },
    {
      "address": "0x99673C22BDf30CdCa82146C4862050FF777ea569",
      "txHash": "0xc8aceb65ecc3df81f018213099a79e29a47730a8ce78b46c0939948f871637d8",
      "kind": "transparent"
    },
    {
      "address": "0x81a6dd35a0ACdBF819025B788Fd9E5730Aa317c6",
      "txHash": "0x50edc96c772717c662ddc5f7674308ed6ebcb0dcc9e7bedfdf198327be78ed72",
      "kind": "transparent"
    },
    {
      "address": "0x399e7ebdA1a0291Ee5583327518083229D7dec5C",
      "txHash": "0x048d5ba720f7ef42e9ad883e8ac86b0a3c72cc3e43f377e05a91106a110792c4",
      "kind": "transparent"
    }
  ],
  "impls": {
    "023ebb6f31f407a5bb7c28569b738619d3cedfeb1a7dc72f5b7206c467a459bc": {
      "address": "0x14e219D8d60b6734d888985F9C879A748A368E10",
      "layout": {
        "solcVersion": "0.8.20",
        "storage": [
          {
            "label": "_initialized",
            "offset": 0,
            "slot": "0",
            "type": "t_uint8",
            "contract": "Initializable",
            "src": "@openzeppelin/contracts-upgradeable/proxy/utils/Initializable.sol:62",
            "retypedFrom": "bool"
          },
          {
            "label": "_initializing",
            "offset": 1,
            "slot": "0",
            "type": "t_bool",
            "contract": "Initializable",
            "src": "@openzeppelin/contracts-upgradeable/proxy/utils/Initializable.sol:67"
          },
          {
            "label": "_status",
            "offset": 0,
            "slot": "1",
            "type": "t_uint256",
            "contract": "ReentrancyGuardUpgradeable",
            "src": "@openzeppelin/contracts-upgradeable/security/ReentrancyGuardUpgradeable.sol:38"
          },
          {
            "label": "__gap",
            "offset": 0,
            "slot": "2",
            "type": "t_array(t_uint256)49_storage",
            "contract": "ReentrancyGuardUpgradeable",
            "src": "@openzeppelin/contracts-upgradeable/security/ReentrancyGuardUpgradeable.sol:80"
          },
          {
            "label": "_branch",
            "offset": 0,
            "slot": "51",
            "type": "t_array(t_bytes32)32_storage",
            "contract": "DepositContract",
            "src": "contracts/lib/DepositContract.sol:25"
          },
          {
            "label": "depositCount",
            "offset": 0,
            "slot": "83",
            "type": "t_uint256",
            "contract": "DepositContract",
            "src": "contracts/lib/DepositContract.sol:28"
          },
          {
            "label": "_gap",
            "offset": 0,
            "slot": "84",
            "type": "t_array(t_uint256)10_storage",
            "contract": "DepositContract",
            "src": "contracts/lib/DepositContract.sol:34"
          },
          {
            "label": "_gap",
            "offset": 0,
            "slot": "94",
            "type": "t_array(t_uint256)10_storage",
            "contract": "EmergencyManager",
            "src": "contracts/lib/EmergencyManager.sol:23"
          },
          {
            "label": "isEmergencyState",
            "offset": 0,
            "slot": "104",
            "type": "t_bool",
            "contract": "EmergencyManager",
            "src": "contracts/lib/EmergencyManager.sol:26"
          },
          {
            "label": "networkID",
            "offset": 1,
            "slot": "104",
            "type": "t_uint32",
            "contract": "PolygonZkEVMBridge",
            "src": "contracts/PolygonZkEVMBridge.sol:51"
          },
          {
            "label": "globalExitRootManager",
            "offset": 5,
            "slot": "104",
            "type": "t_contract(IBasePolygonZkEVMGlobalExitRoot)12701",
            "contract": "PolygonZkEVMBridge",
            "src": "contracts/PolygonZkEVMBridge.sol:54"
          },
          {
            "label": "lastUpdatedDepositCount",
            "offset": 25,
            "slot": "104",
            "type": "t_uint32",
            "contract": "PolygonZkEVMBridge",
            "src": "contracts/PolygonZkEVMBridge.sol:57"
          },
          {
            "label": "claimedBitMap",
            "offset": 0,
            "slot": "105",
            "type": "t_mapping(t_uint256,t_uint256)",
            "contract": "PolygonZkEVMBridge",
            "src": "contracts/PolygonZkEVMBridge.sol:60"
          },
          {
            "label": "tokenInfoToWrappedToken",
            "offset": 0,
            "slot": "106",
            "type": "t_mapping(t_bytes32,t_address)",
            "contract": "PolygonZkEVMBridge",
            "src": "contracts/PolygonZkEVMBridge.sol:63"
          },
          {
            "label": "wrappedTokenToTokenInfo",
            "offset": 0,
            "slot": "107",
            "type": "t_mapping(t_address,t_struct(TokenInformation)10877_storage)",
            "contract": "PolygonZkEVMBridge",
            "src": "contracts/PolygonZkEVMBridge.sol:66"
          },
          {
            "label": "polygonZkEVMaddress",
            "offset": 0,
            "slot": "108",
            "type": "t_address",
            "contract": "PolygonZkEVMBridge",
            "src": "contracts/PolygonZkEVMBridge.sol:69"
          }
        ],
        "types": {
          "t_address": {
            "label": "address",
            "numberOfBytes": "20"
          },
          "t_array(t_bytes32)32_storage": {
            "label": "bytes32[32]",
            "numberOfBytes": "1024"
          },
          "t_array(t_uint256)10_storage": {
            "label": "uint256[10]",
            "numberOfBytes": "320"
          },
          "t_array(t_uint256)49_storage": {
            "label": "uint256[49]",
            "numberOfBytes": "1568"
          },
          "t_bool": {
            "label": "bool",
            "numberOfBytes": "1"
          },
          "t_bytes32": {
            "label": "bytes32",
            "numberOfBytes": "32"
          },
          "t_contract(IBasePolygonZkEVMGlobalExitRoot)12701": {
            "label": "contract IBasePolygonZkEVMGlobalExitRoot",
            "numberOfBytes": "20"
          },
          "t_mapping(t_address,t_struct(TokenInformation)10877_storage)": {
            "label": "mapping(address => struct PolygonZkEVMBridge.TokenInformation)",
            "numberOfBytes": "32"
          },
          "t_mapping(t_bytes32,t_address)": {
            "label": "mapping(bytes32 => address)",
            "numberOfBytes": "32"
          },
          "t_mapping(t_uint256,t_uint256)": {
            "label": "mapping(uint256 => uint256)",
            "numberOfBytes": "32"
          },
          "t_struct(TokenInformation)10877_storage": {
            "label": "struct PolygonZkEVMBridge.TokenInformation",
            "members": [
              {
                "label": "originNetwork",
                "type": "t_uint32",
                "offset": 0,
                "slot": "0"
              },
              {
                "label": "originTokenAddress",
                "type": "t_address",
                "offset": 4,
                "slot": "0"
              }
            ],
            "numberOfBytes": "32"
          },
          "t_uint256": {
            "label": "uint256",
            "numberOfBytes": "32"
          },
          "t_uint32": {
            "label": "uint32",
            "numberOfBytes": "4"
          },
          "t_uint8": {
            "label": "uint8",
            "numberOfBytes": "1"
          }
        },
        "namespaces": {}
      }
    },
    "a2bb7456f924f1e6e24796951c968b6ead211f177a9111078ad94fa09cdd6059": {
      "address": "0x59C7A870f6a75673F7b1b3FFCb9Eb563053ff2F6",
      "txHash": "0xd444b6108ba612a7eb76f4c5df414329bfcaef1a5b748f4f7d9fd886bc1d5c5a",
      "layout": {
        "solcVersion": "0.8.20",
        "storage": [
          {
            "label": "_initialized",
            "offset": 0,
            "slot": "0",
            "type": "t_uint8",
            "contract": "Initializable",
            "src": "@openzeppelin/contracts-upgradeable/proxy/utils/Initializable.sol:62",
            "retypedFrom": "bool"
          },
          {
            "label": "_initializing",
            "offset": 1,
            "slot": "0",
            "type": "t_bool",
            "contract": "Initializable",
            "src": "@openzeppelin/contracts-upgradeable/proxy/utils/Initializable.sol:67"
          },
          {
            "label": "__gap",
            "offset": 0,
            "slot": "1",
            "type": "t_array(t_uint256)50_storage",
            "contract": "ContextUpgradeable",
            "src": "@openzeppelin/contracts-upgradeable/utils/ContextUpgradeable.sol:36"
          },
          {
            "label": "_owner",
            "offset": 0,
            "slot": "51",
            "type": "t_address",
            "contract": "OwnableUpgradeable",
            "src": "@openzeppelin/contracts-upgradeable/access/OwnableUpgradeable.sol:22"
          },
          {
            "label": "__gap",
            "offset": 0,
            "slot": "52",
            "type": "t_array(t_uint256)49_storage",
            "contract": "OwnableUpgradeable",
            "src": "@openzeppelin/contracts-upgradeable/access/OwnableUpgradeable.sol:94"
          },
          {
            "label": "requiredAmountOfSignatures",
            "offset": 0,
            "slot": "101",
            "type": "t_uint256",
            "contract": "DataCommittee",
            "src": "contracts/DataCommittee.sol:26"
          },
          {
            "label": "committeeHash",
            "offset": 0,
            "slot": "102",
            "type": "t_bytes32",
            "contract": "DataCommittee",
            "src": "contracts/DataCommittee.sol:29"
          },
          {
            "label": "members",
            "offset": 0,
            "slot": "103",
            "type": "t_array(t_struct(Member)6013_storage)dyn_storage",
            "contract": "DataCommittee",
            "src": "contracts/DataCommittee.sol:32"
          }
        ],
        "types": {
          "t_address": {
            "label": "address",
            "numberOfBytes": "20"
          },
          "t_array(t_struct(Member)6013_storage)dyn_storage": {
            "label": "struct DataCommittee.Member[]",
            "numberOfBytes": "32"
          },
          "t_array(t_uint256)49_storage": {
            "label": "uint256[49]",
            "numberOfBytes": "1568"
          },
          "t_array(t_uint256)50_storage": {
            "label": "uint256[50]",
            "numberOfBytes": "1600"
          },
          "t_bool": {
            "label": "bool",
            "numberOfBytes": "1"
          },
          "t_bytes32": {
            "label": "bytes32",
            "numberOfBytes": "32"
          },
          "t_string_storage": {
            "label": "string",
            "numberOfBytes": "32"
          },
          "t_struct(Member)6013_storage": {
            "label": "struct DataCommittee.Member",
            "members": [
              {
                "label": "url",
                "type": "t_string_storage",
                "offset": 0,
                "slot": "0"
              },
              {
                "label": "addr",
                "type": "t_address",
                "offset": 0,
                "slot": "1"
              }
            ],
            "numberOfBytes": "64"
          },
          "t_uint256": {
            "label": "uint256",
            "numberOfBytes": "32"
          },
          "t_uint8": {
            "label": "uint8",
            "numberOfBytes": "1"
          }
        },
        "namespaces": {}
      }
    },
    "55603b48dabfca15d1d8e14990904faa7cd1b0601a92cc11654074bc7ecbe70e": {
      "address": "0x81AaE50e07d833f89Cd96d3DcD89f4986bF354CC",
      "txHash": "0x5a8ae0fcce08fc1549b74de4d2dfcfd729dfe1566e61d3f665fea852f8335805",
      "layout": {
        "solcVersion": "0.8.20",
        "storage": [
          {
            "label": "lastRollupExitRoot",
            "offset": 0,
            "slot": "0",
            "type": "t_bytes32",
            "contract": "PolygonZkEVMGlobalExitRoot",
            "src": "contracts/PolygonZkEVMGlobalExitRoot.sol:19"
          },
          {
            "label": "lastMainnetExitRoot",
            "offset": 0,
            "slot": "1",
            "type": "t_bytes32",
            "contract": "PolygonZkEVMGlobalExitRoot",
            "src": "contracts/PolygonZkEVMGlobalExitRoot.sol:22"
          },
          {
            "label": "globalExitRootMap",
            "offset": 0,
            "slot": "2",
            "type": "t_mapping(t_bytes32,t_uint256)",
            "contract": "PolygonZkEVMGlobalExitRoot",
            "src": "contracts/PolygonZkEVMGlobalExitRoot.sol:25"
          }
        ],
        "types": {
          "t_bytes32": {
            "label": "bytes32",
            "numberOfBytes": "32"
          },
          "t_mapping(t_bytes32,t_uint256)": {
            "label": "mapping(bytes32 => uint256)",
            "numberOfBytes": "32"
          },
          "t_uint256": {
            "label": "uint256",
            "numberOfBytes": "32"
          }
        },
        "namespaces": {}
      }
    },
    "f9e46366577f4aacff203d21533de313b2b5cc4d05a9495cf276f9bb831d948c": {
      "address": "0x5a8e23aE5cC04aB21745287000a78890A1fc1BDe",
      "txHash": "0xaa8142facfcfc20495aa1c3d25248b38b2f7588be9ba64d860da3be6f8fd69d5",
      "layout": {
        "solcVersion": "0.8.20",
        "storage": [
          {
            "label": "_initialized",
            "offset": 0,
            "slot": "0",
            "type": "t_uint8",
            "contract": "Initializable",
            "src": "@openzeppelin/contracts-upgradeable/proxy/utils/Initializable.sol:62",
            "retypedFrom": "bool"
          },
          {
            "label": "_initializing",
            "offset": 1,
            "slot": "0",
            "type": "t_bool",
            "contract": "Initializable",
            "src": "@openzeppelin/contracts-upgradeable/proxy/utils/Initializable.sol:67"
          },
          {
            "label": "__gap",
            "offset": 0,
            "slot": "1",
            "type": "t_array(t_uint256)50_storage",
            "contract": "ContextUpgradeable",
            "src": "@openzeppelin/contracts-upgradeable/utils/ContextUpgradeable.sol:36"
          },
          {
            "label": "_owner",
            "offset": 0,
            "slot": "51",
            "type": "t_address",
            "contract": "OwnableUpgradeable",
            "src": "@openzeppelin/contracts-upgradeable/access/OwnableUpgradeable.sol:22"
          },
          {
            "label": "__gap",
            "offset": 0,
            "slot": "52",
            "type": "t_array(t_uint256)49_storage",
            "contract": "OwnableUpgradeable",
            "src": "@openzeppelin/contracts-upgradeable/access/OwnableUpgradeable.sol:94"
          },
          {
            "label": "_gap",
            "offset": 0,
            "slot": "101",
            "type": "t_array(t_uint256)10_storage",
            "contract": "EmergencyManager",
            "src": "contracts/lib/EmergencyManager.sol:23"
          },
          {
            "label": "isEmergencyState",
            "offset": 0,
            "slot": "111",
            "type": "t_bool",
            "contract": "EmergencyManager",
            "src": "contracts/lib/EmergencyManager.sol:26"
          },
          {
            "label": "verifyBatchTimeTarget",
            "offset": 1,
            "slot": "111",
            "type": "t_uint64",
            "contract": "PolygonZkEVM",
            "src": "contracts/PolygonZkEVM.sol:172"
          },
          {
            "label": "multiplierBatchFee",
            "offset": 9,
            "slot": "111",
            "type": "t_uint16",
            "contract": "PolygonZkEVM",
            "src": "contracts/PolygonZkEVM.sol:175"
          },
          {
            "label": "trustedSequencer",
            "offset": 11,
            "slot": "111",
            "type": "t_address",
            "contract": "PolygonZkEVM",
            "src": "contracts/PolygonZkEVM.sol:178"
          },
          {
            "label": "batchFee",
            "offset": 0,
            "slot": "112",
            "type": "t_uint256",
            "contract": "PolygonZkEVM",
            "src": "contracts/PolygonZkEVM.sol:181"
          },
          {
            "label": "forcedBatches",
            "offset": 0,
            "slot": "113",
            "type": "t_mapping(t_uint64,t_bytes32)",
            "contract": "PolygonZkEVM",
            "src": "contracts/PolygonZkEVM.sol:187"
          },
          {
            "label": "sequencedBatches",
            "offset": 0,
            "slot": "114",
            "type": "t_mapping(t_uint64,t_struct(SequencedBatchData)8248_storage)",
            "contract": "PolygonZkEVM",
            "src": "contracts/PolygonZkEVM.sol:191"
          },
          {
            "label": "lastTimestamp",
            "offset": 0,
            "slot": "115",
            "type": "t_uint64",
            "contract": "PolygonZkEVM",
            "src": "contracts/PolygonZkEVM.sol:194"
          },
          {
            "label": "lastBatchSequenced",
            "offset": 8,
            "slot": "115",
            "type": "t_uint64",
            "contract": "PolygonZkEVM",
            "src": "contracts/PolygonZkEVM.sol:197"
          },
          {
            "label": "lastForceBatchSequenced",
            "offset": 16,
            "slot": "115",
            "type": "t_uint64",
            "contract": "PolygonZkEVM",
            "src": "contracts/PolygonZkEVM.sol:200"
          },
          {
            "label": "lastForceBatch",
            "offset": 24,
            "slot": "115",
            "type": "t_uint64",
            "contract": "PolygonZkEVM",
            "src": "contracts/PolygonZkEVM.sol:203"
          },
          {
            "label": "lastVerifiedBatch",
            "offset": 0,
            "slot": "116",
            "type": "t_uint64",
            "contract": "PolygonZkEVM",
            "src": "contracts/PolygonZkEVM.sol:206"
          },
          {
            "label": "trustedAggregator",
            "offset": 8,
            "slot": "116",
            "type": "t_address",
            "contract": "PolygonZkEVM",
            "src": "contracts/PolygonZkEVM.sol:209"
          },
          {
            "label": "batchNumToStateRoot",
            "offset": 0,
            "slot": "117",
            "type": "t_mapping(t_uint64,t_bytes32)",
            "contract": "PolygonZkEVM",
            "src": "contracts/PolygonZkEVM.sol:213"
          },
          {
            "label": "trustedSequencerURL",
            "offset": 0,
            "slot": "118",
            "type": "t_string_storage",
            "contract": "PolygonZkEVM",
            "src": "contracts/PolygonZkEVM.sol:216"
          },
          {
            "label": "networkName",
            "offset": 0,
            "slot": "119",
            "type": "t_string_storage",
            "contract": "PolygonZkEVM",
            "src": "contracts/PolygonZkEVM.sol:219"
          },
          {
            "label": "pendingStateTransitions",
            "offset": 0,
            "slot": "120",
            "type": "t_mapping(t_uint256,t_struct(PendingState)8258_storage)",
            "contract": "PolygonZkEVM",
            "src": "contracts/PolygonZkEVM.sol:223"
          },
          {
            "label": "lastPendingState",
            "offset": 0,
            "slot": "121",
            "type": "t_uint64",
            "contract": "PolygonZkEVM",
            "src": "contracts/PolygonZkEVM.sol:226"
          },
          {
            "label": "lastPendingStateConsolidated",
            "offset": 8,
            "slot": "121",
            "type": "t_uint64",
            "contract": "PolygonZkEVM",
            "src": "contracts/PolygonZkEVM.sol:229"
          },
          {
            "label": "pendingStateTimeout",
            "offset": 16,
            "slot": "121",
            "type": "t_uint64",
            "contract": "PolygonZkEVM",
            "src": "contracts/PolygonZkEVM.sol:232"
          },
          {
            "label": "trustedAggregatorTimeout",
            "offset": 24,
            "slot": "121",
            "type": "t_uint64",
            "contract": "PolygonZkEVM",
            "src": "contracts/PolygonZkEVM.sol:236"
          },
          {
            "label": "admin",
            "offset": 0,
            "slot": "122",
            "type": "t_address",
            "contract": "PolygonZkEVM",
            "src": "contracts/PolygonZkEVM.sol:239"
          },
          {
            "label": "pendingAdmin",
            "offset": 0,
            "slot": "123",
            "type": "t_address",
            "contract": "PolygonZkEVM",
            "src": "contracts/PolygonZkEVM.sol:242"
          },
          {
            "label": "forceBatchTimeout",
            "offset": 20,
            "slot": "123",
            "type": "t_uint64",
            "contract": "PolygonZkEVM",
            "src": "contracts/PolygonZkEVM.sol:245"
          },
          {
            "label": "isForcedBatchDisallowed",
            "offset": 28,
            "slot": "123",
            "type": "t_bool",
            "contract": "PolygonZkEVM",
            "src": "contracts/PolygonZkEVM.sol:248"
          }
        ],
        "types": {
          "t_address": {
            "label": "address",
            "numberOfBytes": "20"
          },
          "t_array(t_uint256)10_storage": {
            "label": "uint256[10]",
            "numberOfBytes": "320"
          },
          "t_array(t_uint256)49_storage": {
            "label": "uint256[49]",
            "numberOfBytes": "1568"
          },
          "t_array(t_uint256)50_storage": {
            "label": "uint256[50]",
            "numberOfBytes": "1600"
          },
          "t_bool": {
            "label": "bool",
            "numberOfBytes": "1"
          },
          "t_bytes32": {
            "label": "bytes32",
            "numberOfBytes": "32"
          },
          "t_mapping(t_uint256,t_struct(PendingState)8258_storage)": {
            "label": "mapping(uint256 => struct PolygonZkEVM.PendingState)",
            "numberOfBytes": "32"
          },
          "t_mapping(t_uint64,t_bytes32)": {
            "label": "mapping(uint64 => bytes32)",
            "numberOfBytes": "32"
          },
          "t_mapping(t_uint64,t_struct(SequencedBatchData)8248_storage)": {
            "label": "mapping(uint64 => struct PolygonZkEVM.SequencedBatchData)",
            "numberOfBytes": "32"
          },
          "t_string_storage": {
            "label": "string",
            "numberOfBytes": "32"
          },
          "t_struct(PendingState)8258_storage": {
            "label": "struct PolygonZkEVM.PendingState",
            "members": [
              {
                "label": "timestamp",
                "type": "t_uint64",
                "offset": 0,
                "slot": "0"
              },
              {
                "label": "lastVerifiedBatch",
                "type": "t_uint64",
                "offset": 8,
                "slot": "0"
              },
              {
                "label": "exitRoot",
                "type": "t_bytes32",
                "offset": 0,
                "slot": "1"
              },
              {
                "label": "stateRoot",
                "type": "t_bytes32",
                "offset": 0,
                "slot": "2"
              }
            ],
            "numberOfBytes": "96"
          },
          "t_struct(SequencedBatchData)8248_storage": {
            "label": "struct PolygonZkEVM.SequencedBatchData",
            "members": [
              {
                "label": "accInputHash",
                "type": "t_bytes32",
                "offset": 0,
                "slot": "0"
              },
              {
                "label": "sequencedTimestamp",
                "type": "t_uint64",
                "offset": 0,
                "slot": "1"
              },
              {
                "label": "previousLastBatchSequenced",
                "type": "t_uint64",
                "offset": 8,
                "slot": "1"
              }
            ],
            "numberOfBytes": "64"
          },
          "t_uint16": {
            "label": "uint16",
            "numberOfBytes": "2"
          },
          "t_uint256": {
            "label": "uint256",
            "numberOfBytes": "32"
          },
          "t_uint64": {
            "label": "uint64",
            "numberOfBytes": "8"
          },
          "t_uint8": {
            "label": "uint8",
            "numberOfBytes": "1"
          }
        },
        "namespaces": {}
      }
    },
    "79801cf42fb30168bed48ec167efe6a64d9c46e15685898f72431bb91455bb0a": {
      "address": "0x4748Af0790ad1477b2fF976f73F8EeBf28ed9F39",
      "txHash": "0x9c44075533b536915f8750fd127b27480ad095be07d2c42442683fbf4d980b43",
      "layout": {
        "solcVersion": "0.8.20",
        "storage": [
          {
            "label": "_initialized",
            "offset": 0,
            "slot": "0",
            "type": "t_uint8",
            "contract": "Initializable",
            "src": "@openzeppelin/contracts-upgradeable/proxy/utils/Initializable.sol:62",
            "retypedFrom": "bool"
          },
          {
            "label": "_initializing",
            "offset": 1,
            "slot": "0",
            "type": "t_bool",
            "contract": "Initializable",
            "src": "@openzeppelin/contracts-upgradeable/proxy/utils/Initializable.sol:67"
          },
          {
            "label": "_status",
            "offset": 0,
            "slot": "1",
            "type": "t_uint256",
            "contract": "ReentrancyGuardUpgradeable",
            "src": "@openzeppelin/contracts-upgradeable/security/ReentrancyGuardUpgradeable.sol:38"
          },
          {
            "label": "__gap",
            "offset": 0,
            "slot": "2",
            "type": "t_array(t_uint256)49_storage",
            "contract": "ReentrancyGuardUpgradeable",
            "src": "@openzeppelin/contracts-upgradeable/security/ReentrancyGuardUpgradeable.sol:80"
          },
          {
            "label": "_branch",
            "offset": 0,
            "slot": "51",
            "type": "t_array(t_bytes32)32_storage",
            "contract": "DepositContractBase",
            "src": "contracts/v2/lib/DepositContractBase.sol:23"
          },
          {
            "label": "depositCount",
            "offset": 0,
            "slot": "83",
            "type": "t_uint256",
            "contract": "DepositContractBase",
            "src": "contracts/v2/lib/DepositContractBase.sol:26"
          },
          {
            "label": "_gap",
            "offset": 0,
            "slot": "84",
            "type": "t_array(t_uint256)10_storage",
            "contract": "DepositContractBase",
            "src": "contracts/v2/lib/DepositContractBase.sol:32"
          },
          {
            "label": "_gap",
            "offset": 0,
            "slot": "94",
            "type": "t_array(t_uint256)10_storage",
            "contract": "EmergencyManager",
            "src": "contracts/lib/EmergencyManager.sol:23"
          },
          {
            "label": "isEmergencyState",
            "offset": 0,
            "slot": "104",
            "type": "t_bool",
            "contract": "EmergencyManager",
            "src": "contracts/lib/EmergencyManager.sol:26"
          },
          {
            "label": "networkID",
            "offset": 1,
            "slot": "104",
            "type": "t_uint32",
            "contract": "PolygonZkEVMBridgeV2",
            "src": "contracts/v2/PolygonZkEVMBridgeV2.sol:61"
          },
          {
            "label": "globalExitRootManager",
            "offset": 5,
            "slot": "104",
            "type": "t_contract(IBasePolygonZkEVMGlobalExitRoot)1675",
            "contract": "PolygonZkEVMBridgeV2",
            "src": "contracts/v2/PolygonZkEVMBridgeV2.sol:64"
          },
          {
            "label": "lastUpdatedDepositCount",
            "offset": 25,
            "slot": "104",
            "type": "t_uint32",
            "contract": "PolygonZkEVMBridgeV2",
            "src": "contracts/v2/PolygonZkEVMBridgeV2.sol:67"
          },
          {
            "label": "claimedBitMap",
            "offset": 0,
            "slot": "105",
            "type": "t_mapping(t_uint256,t_uint256)",
            "contract": "PolygonZkEVMBridgeV2",
            "src": "contracts/v2/PolygonZkEVMBridgeV2.sol:70"
          },
          {
            "label": "tokenInfoToWrappedToken",
            "offset": 0,
            "slot": "106",
            "type": "t_mapping(t_bytes32,t_address)",
            "contract": "PolygonZkEVMBridgeV2",
            "src": "contracts/v2/PolygonZkEVMBridgeV2.sol:73"
          },
          {
            "label": "wrappedTokenToTokenInfo",
            "offset": 0,
            "slot": "107",
            "type": "t_mapping(t_address,t_struct(TokenInformation)2064_storage)",
            "contract": "PolygonZkEVMBridgeV2",
            "src": "contracts/v2/PolygonZkEVMBridgeV2.sol:76"
          },
          {
            "label": "polygonRollupManager",
            "offset": 0,
            "slot": "108",
            "type": "t_address",
            "contract": "PolygonZkEVMBridgeV2",
            "src": "contracts/v2/PolygonZkEVMBridgeV2.sol:80",
            "renamedFrom": "polygonZkEVMaddress"
          },
          {
            "label": "gasTokenAddress",
            "offset": 0,
            "slot": "109",
            "type": "t_address",
            "contract": "PolygonZkEVMBridgeV2",
            "src": "contracts/v2/PolygonZkEVMBridgeV2.sol:83"
          },
          {
            "label": "gasTokenNetwork",
            "offset": 20,
            "slot": "109",
            "type": "t_uint32",
            "contract": "PolygonZkEVMBridgeV2",
            "src": "contracts/v2/PolygonZkEVMBridgeV2.sol:86"
          },
          {
            "label": "gasTokenMetadata",
            "offset": 0,
            "slot": "110",
            "type": "t_bytes_storage",
            "contract": "PolygonZkEVMBridgeV2",
            "src": "contracts/v2/PolygonZkEVMBridgeV2.sol:89"
          },
          {
            "label": "WETHToken",
            "offset": 0,
            "slot": "111",
            "type": "t_contract(TokenWrapped)2037",
            "contract": "PolygonZkEVMBridgeV2",
            "src": "contracts/v2/PolygonZkEVMBridgeV2.sol:92"
          }
        ],
        "types": {
          "t_address": {
            "label": "address",
            "numberOfBytes": "20"
          },
          "t_array(t_bytes32)32_storage": {
            "label": "bytes32[32]",
            "numberOfBytes": "1024"
          },
          "t_array(t_uint256)10_storage": {
            "label": "uint256[10]",
            "numberOfBytes": "320"
          },
          "t_array(t_uint256)49_storage": {
            "label": "uint256[49]",
            "numberOfBytes": "1568"
          },
          "t_bool": {
            "label": "bool",
            "numberOfBytes": "1"
          },
          "t_bytes32": {
            "label": "bytes32",
            "numberOfBytes": "32"
          },
          "t_bytes_storage": {
            "label": "bytes",
            "numberOfBytes": "32"
          },
          "t_contract(IBasePolygonZkEVMGlobalExitRoot)1675": {
            "label": "contract IBasePolygonZkEVMGlobalExitRoot",
            "numberOfBytes": "20"
          },
          "t_contract(TokenWrapped)2037": {
            "label": "contract TokenWrapped",
            "numberOfBytes": "20"
          },
          "t_mapping(t_address,t_struct(TokenInformation)2064_storage)": {
            "label": "mapping(address => struct PolygonZkEVMBridgeV2.TokenInformation)",
            "numberOfBytes": "32"
          },
          "t_mapping(t_bytes32,t_address)": {
            "label": "mapping(bytes32 => address)",
            "numberOfBytes": "32"
          },
          "t_mapping(t_uint256,t_uint256)": {
            "label": "mapping(uint256 => uint256)",
            "numberOfBytes": "32"
          },
          "t_struct(TokenInformation)2064_storage": {
            "label": "struct PolygonZkEVMBridgeV2.TokenInformation",
            "members": [
              {
                "label": "originNetwork",
                "type": "t_uint32",
                "offset": 0,
                "slot": "0"
              },
              {
                "label": "originTokenAddress",
                "type": "t_address",
                "offset": 4,
                "slot": "0"
              }
            ],
            "numberOfBytes": "32"
          },
          "t_uint256": {
            "label": "uint256",
            "numberOfBytes": "32"
          },
          "t_uint32": {
            "label": "uint32",
            "numberOfBytes": "4"
          },
          "t_uint8": {
            "label": "uint8",
            "numberOfBytes": "1"
          }
        },
        "namespaces": {}
      }
    },
    "684aa6b0be37a67c9cf6cc7caedd4d27c97368807e6d24c328e733fed734c145": {
      "address": "0x7584F1b42d1ac8A37EDBF260B916297D3A653043",
      "txHash": "0x1f653cabf42553d5d98212fc993fb851dbbeed7e957f9891ff942ec023ac1b2f",
      "layout": {
        "solcVersion": "0.8.20",
        "storage": [
          {
            "label": "lastRollupExitRoot",
            "offset": 0,
            "slot": "0",
            "type": "t_bytes32",
            "contract": "PolygonZkEVMGlobalExitRootBaseStorage",
            "src": "contracts/v2/lib/PolygonZkEVMGlobalExitRootBaseStorage.sol:14"
          },
          {
            "label": "lastMainnetExitRoot",
            "offset": 0,
            "slot": "1",
            "type": "t_bytes32",
            "contract": "PolygonZkEVMGlobalExitRootBaseStorage",
            "src": "contracts/v2/lib/PolygonZkEVMGlobalExitRootBaseStorage.sol:17"
          },
          {
            "label": "globalExitRootMap",
            "offset": 0,
            "slot": "2",
            "type": "t_mapping(t_bytes32,t_uint256)",
            "contract": "PolygonZkEVMGlobalExitRootBaseStorage",
            "src": "contracts/v2/lib/PolygonZkEVMGlobalExitRootBaseStorage.sol:21"
          },
          {
            "label": "_branch",
            "offset": 0,
            "slot": "3",
            "type": "t_array(t_bytes32)32_storage",
            "contract": "DepositContractBase",
            "src": "contracts/v2/lib/DepositContractBase.sol:23"
          },
          {
            "label": "depositCount",
            "offset": 0,
            "slot": "35",
            "type": "t_uint256",
            "contract": "DepositContractBase",
            "src": "contracts/v2/lib/DepositContractBase.sol:26"
          },
          {
            "label": "_gap",
            "offset": 0,
            "slot": "36",
            "type": "t_array(t_uint256)10_storage",
            "contract": "DepositContractBase",
            "src": "contracts/v2/lib/DepositContractBase.sol:32"
          }
        ],
        "types": {
          "t_array(t_bytes32)32_storage": {
            "label": "bytes32[32]",
            "numberOfBytes": "1024"
          },
          "t_array(t_uint256)10_storage": {
            "label": "uint256[10]",
            "numberOfBytes": "320"
          },
          "t_bytes32": {
            "label": "bytes32",
            "numberOfBytes": "32"
          },
          "t_mapping(t_bytes32,t_uint256)": {
            "label": "mapping(bytes32 => uint256)",
            "numberOfBytes": "32"
          },
          "t_uint256": {
            "label": "uint256",
            "numberOfBytes": "32"
          }
        },
        "namespaces": {}
      }
    },
    "8121de445d553df27af45c6351b2a47e39e14aede298a5e5e1dea303d2542b41": {
      "address": "0x420c51306Cd816E79a487e2371B76714eF82B824",
      "txHash": "0x0b423570778168022f77961c01dffbe254ead24aa2426d83ad25f60aeafad064",
      "layout": {
        "solcVersion": "0.8.20",
        "storage": [
          {
            "label": "_initialized",
            "offset": 0,
            "slot": "0",
            "type": "t_uint8",
            "contract": "Initializable",
            "src": "@openzeppelin/contracts-upgradeable/proxy/utils/Initializable.sol:62",
            "retypedFrom": "bool"
          },
          {
            "label": "_initializing",
            "offset": 1,
            "slot": "0",
            "type": "t_bool",
            "contract": "Initializable",
            "src": "@openzeppelin/contracts-upgradeable/proxy/utils/Initializable.sol:67"
          },
          {
            "label": "__gap",
            "offset": 0,
            "slot": "1",
            "type": "t_array(t_uint256)50_storage",
            "contract": "ContextUpgradeable",
            "src": "@openzeppelin/contracts-upgradeable/utils/ContextUpgradeable.sol:36"
          },
          {
            "label": "_owner",
            "offset": 0,
            "slot": "51",
            "type": "t_address",
            "contract": "OwnableUpgradeable",
            "src": "@openzeppelin/contracts-upgradeable/access/OwnableUpgradeable.sol:22"
          },
          {
            "label": "__gap",
            "offset": 0,
            "slot": "52",
            "type": "t_array(t_uint256)49_storage",
            "contract": "OwnableUpgradeable",
            "src": "@openzeppelin/contracts-upgradeable/access/OwnableUpgradeable.sol:94"
          },
          {
            "label": "requiredAmountOfSignatures",
            "offset": 0,
            "slot": "101",
            "type": "t_uint256",
            "contract": "PolygonDataCommittee",
            "src": "contracts/v2/consensus/validium/PolygonDataCommittee.sol:38"
          },
          {
            "label": "committeeHash",
            "offset": 0,
            "slot": "102",
            "type": "t_bytes32",
            "contract": "PolygonDataCommittee",
            "src": "contracts/v2/consensus/validium/PolygonDataCommittee.sol:41"
          },
          {
            "label": "members",
            "offset": 0,
            "slot": "103",
            "type": "t_array(t_struct(Member)23412_storage)dyn_storage",
            "contract": "PolygonDataCommittee",
            "src": "contracts/v2/consensus/validium/PolygonDataCommittee.sol:44"
          }
        ],
        "types": {
          "t_address": {
            "label": "address",
            "numberOfBytes": "20"
          },
          "t_array(t_struct(Member)23412_storage)dyn_storage": {
            "label": "struct PolygonDataCommittee.Member[]",
            "numberOfBytes": "32"
          },
          "t_array(t_uint256)49_storage": {
            "label": "uint256[49]",
            "numberOfBytes": "1568"
          },
          "t_array(t_uint256)50_storage": {
            "label": "uint256[50]",
            "numberOfBytes": "1600"
          },
          "t_bool": {
            "label": "bool",
            "numberOfBytes": "1"
          },
          "t_bytes32": {
            "label": "bytes32",
            "numberOfBytes": "32"
          },
          "t_string_storage": {
            "label": "string",
            "numberOfBytes": "32"
          },
          "t_struct(Member)23412_storage": {
            "label": "struct PolygonDataCommittee.Member",
            "members": [
              {
                "label": "url",
                "type": "t_string_storage",
                "offset": 0,
                "slot": "0"
              },
              {
                "label": "addr",
                "type": "t_address",
                "offset": 0,
                "slot": "1"
              }
            ],
            "numberOfBytes": "64"
          },
          "t_uint256": {
            "label": "uint256",
            "numberOfBytes": "32"
          },
          "t_uint8": {
            "label": "uint8",
            "numberOfBytes": "1"
          }
        },
        "namespaces": {}
      }
    },
    "2158027de1c73541ded63e82d5759e437aeb80307e0bf1fc6912e7c3b52dd1e7": {
      "address": "0x625F499708b287E0A474b00e4A39fA1Cbf6808bA",
      "txHash": "0x3ac1fba25990809dd06009849189faf63dd3134799fa9f26a73ca94e13ead4bb",
      "layout": {
        "solcVersion": "0.8.20",
        "storage": [
          {
            "label": "_initialized",
            "offset": 0,
            "slot": "0",
            "type": "t_uint8",
            "contract": "Initializable",
            "src": "@openzeppelin/contracts-upgradeable/proxy/utils/Initializable.sol:62",
            "retypedFrom": "bool"
          },
          {
            "label": "_initializing",
            "offset": 1,
            "slot": "0",
            "type": "t_bool",
            "contract": "Initializable",
            "src": "@openzeppelin/contracts-upgradeable/proxy/utils/Initializable.sol:67"
          },
          {
            "label": "__gap",
            "offset": 0,
            "slot": "1",
            "type": "t_array(t_uint256)50_storage",
            "contract": "ContextUpgradeable",
            "src": "@openzeppelin/contracts-upgradeable/utils/ContextUpgradeable.sol:36"
          },
          {
            "label": "_legacyOwner",
            "offset": 0,
            "slot": "51",
            "type": "t_address",
            "contract": "PolygonAccessControlUpgradeable",
            "src": "contracts/v2/lib/PolygonAccessControlUpgradeable.sol:29",
            "renamedFrom": "_owner"
          },
          {
            "label": "_roles",
            "offset": 0,
            "slot": "52",
            "type": "t_mapping(t_bytes32,t_struct(RoleData)7469_storage)",
            "contract": "PolygonAccessControlUpgradeable",
            "src": "contracts/v2/lib/PolygonAccessControlUpgradeable.sol:36"
          },
          {
            "label": "__gap",
            "offset": 0,
            "slot": "53",
            "type": "t_array(t_uint256)48_storage",
            "contract": "PolygonAccessControlUpgradeable",
            "src": "contracts/v2/lib/PolygonAccessControlUpgradeable.sol:244"
          },
          {
            "label": "_gap",
            "offset": 0,
            "slot": "101",
            "type": "t_array(t_uint256)10_storage",
            "contract": "EmergencyManager",
            "src": "contracts/lib/EmergencyManager.sol:23"
          },
          {
            "label": "isEmergencyState",
            "offset": 0,
            "slot": "111",
            "type": "t_bool",
            "contract": "EmergencyManager",
            "src": "contracts/lib/EmergencyManager.sol:26"
          },
          {
            "label": "_legacyVerifyBatchTimeTarget",
            "offset": 1,
            "slot": "111",
            "type": "t_uint64",
            "contract": "LegacyZKEVMStateVariables",
            "src": "contracts/v2/lib/LegacyZKEVMStateVariables.sol:45",
            "renamedFrom": "verifyBatchTimeTarget"
          },
          {
            "label": "_legacyMultiplierBatchFee",
            "offset": 9,
            "slot": "111",
            "type": "t_uint16",
            "contract": "LegacyZKEVMStateVariables",
            "src": "contracts/v2/lib/LegacyZKEVMStateVariables.sol:49",
            "renamedFrom": "multiplierBatchFee"
          },
          {
            "label": "_legacyTrustedSequencer",
            "offset": 11,
            "slot": "111",
            "type": "t_address",
            "contract": "LegacyZKEVMStateVariables",
            "src": "contracts/v2/lib/LegacyZKEVMStateVariables.sol:53",
            "renamedFrom": "trustedSequencer"
          },
          {
            "label": "_legacyBatchFee",
            "offset": 0,
            "slot": "112",
            "type": "t_uint256",
            "contract": "LegacyZKEVMStateVariables",
            "src": "contracts/v2/lib/LegacyZKEVMStateVariables.sol:57",
            "renamedFrom": "batchFee"
          },
          {
            "label": "_legacyForcedBatches",
            "offset": 0,
            "slot": "113",
            "type": "t_mapping(t_uint64,t_bytes32)",
            "contract": "LegacyZKEVMStateVariables",
            "src": "contracts/v2/lib/LegacyZKEVMStateVariables.sol:64",
            "renamedFrom": "forcedBatches"
          },
          {
            "label": "_legacySequencedBatches",
            "offset": 0,
            "slot": "114",
            "type": "t_mapping(t_uint64,t_struct(SequencedBatchData)7340_storage)",
            "contract": "LegacyZKEVMStateVariables",
            "src": "contracts/v2/lib/LegacyZKEVMStateVariables.sol:69",
            "renamedFrom": "sequencedBatches"
          },
          {
            "label": "_legacyLastTimestamp",
            "offset": 0,
            "slot": "115",
            "type": "t_uint64",
            "contract": "LegacyZKEVMStateVariables",
            "src": "contracts/v2/lib/LegacyZKEVMStateVariables.sol:73",
            "renamedFrom": "lastTimestamp"
          },
          {
            "label": "_legacylastBatchSequenced",
            "offset": 8,
            "slot": "115",
            "type": "t_uint64",
            "contract": "LegacyZKEVMStateVariables",
            "src": "contracts/v2/lib/LegacyZKEVMStateVariables.sol:77",
            "renamedFrom": "lastBatchSequenced"
          },
          {
            "label": "_legacyLastForceBatchSequenced",
            "offset": 16,
            "slot": "115",
            "type": "t_uint64",
            "contract": "LegacyZKEVMStateVariables",
            "src": "contracts/v2/lib/LegacyZKEVMStateVariables.sol:81",
            "renamedFrom": "lastForceBatchSequenced"
          },
          {
            "label": "_legacyLastForceBatch",
            "offset": 24,
            "slot": "115",
            "type": "t_uint64",
            "contract": "LegacyZKEVMStateVariables",
            "src": "contracts/v2/lib/LegacyZKEVMStateVariables.sol:85",
            "renamedFrom": "lastForceBatch"
          },
          {
            "label": "_legacyLastVerifiedBatch",
            "offset": 0,
            "slot": "116",
            "type": "t_uint64",
            "contract": "LegacyZKEVMStateVariables",
            "src": "contracts/v2/lib/LegacyZKEVMStateVariables.sol:89",
            "renamedFrom": "lastVerifiedBatch"
          },
          {
            "label": "_legacyTrustedAggregator",
            "offset": 8,
            "slot": "116",
            "type": "t_address",
            "contract": "LegacyZKEVMStateVariables",
            "src": "contracts/v2/lib/LegacyZKEVMStateVariables.sol:93",
            "renamedFrom": "trustedAggregator"
          },
          {
            "label": "_legacyBatchNumToStateRoot",
            "offset": 0,
            "slot": "117",
            "type": "t_mapping(t_uint64,t_bytes32)",
            "contract": "LegacyZKEVMStateVariables",
            "src": "contracts/v2/lib/LegacyZKEVMStateVariables.sol:98",
            "renamedFrom": "batchNumToStateRoot"
          },
          {
            "label": "_legacyTrustedSequencerURL",
            "offset": 0,
            "slot": "118",
            "type": "t_string_storage",
            "contract": "LegacyZKEVMStateVariables",
            "src": "contracts/v2/lib/LegacyZKEVMStateVariables.sol:102",
            "renamedFrom": "trustedSequencerURL"
          },
          {
            "label": "_legacyNetworkName",
            "offset": 0,
            "slot": "119",
            "type": "t_string_storage",
            "contract": "LegacyZKEVMStateVariables",
            "src": "contracts/v2/lib/LegacyZKEVMStateVariables.sol:106",
            "renamedFrom": "networkName"
          },
          {
            "label": "_legacyPendingStateTransitions",
            "offset": 0,
            "slot": "120",
            "type": "t_mapping(t_uint256,t_struct(PendingState)7350_storage)",
            "contract": "LegacyZKEVMStateVariables",
            "src": "contracts/v2/lib/LegacyZKEVMStateVariables.sol:111",
            "renamedFrom": "pendingStateTransitions"
          },
          {
            "label": "_legacyLastPendingState",
            "offset": 0,
            "slot": "121",
            "type": "t_uint64",
            "contract": "LegacyZKEVMStateVariables",
            "src": "contracts/v2/lib/LegacyZKEVMStateVariables.sol:115",
            "renamedFrom": "lastPendingState"
          },
          {
            "label": "_legacyLastPendingStateConsolidated",
            "offset": 8,
            "slot": "121",
            "type": "t_uint64",
            "contract": "LegacyZKEVMStateVariables",
            "src": "contracts/v2/lib/LegacyZKEVMStateVariables.sol:119",
            "renamedFrom": "lastPendingStateConsolidated"
          },
          {
            "label": "_legacyPendingStateTimeout",
            "offset": 16,
            "slot": "121",
            "type": "t_uint64",
            "contract": "LegacyZKEVMStateVariables",
            "src": "contracts/v2/lib/LegacyZKEVMStateVariables.sol:123",
            "renamedFrom": "pendingStateTimeout"
          },
          {
            "label": "_legacyTrustedAggregatorTimeout",
            "offset": 24,
            "slot": "121",
            "type": "t_uint64",
            "contract": "LegacyZKEVMStateVariables",
            "src": "contracts/v2/lib/LegacyZKEVMStateVariables.sol:128",
            "renamedFrom": "trustedAggregatorTimeout"
          },
          {
            "label": "_legacyAdmin",
            "offset": 0,
            "slot": "122",
            "type": "t_address",
            "contract": "LegacyZKEVMStateVariables",
            "src": "contracts/v2/lib/LegacyZKEVMStateVariables.sol:132",
            "renamedFrom": "admin"
          },
          {
            "label": "_legacyPendingAdmin",
            "offset": 0,
            "slot": "123",
            "type": "t_address",
            "contract": "LegacyZKEVMStateVariables",
            "src": "contracts/v2/lib/LegacyZKEVMStateVariables.sol:136",
            "renamedFrom": "pendingAdmin"
          },
          {
            "label": "_legacyForceBatchTimeout",
            "offset": 20,
            "slot": "123",
            "type": "t_uint64",
            "contract": "LegacyZKEVMStateVariables",
            "src": "contracts/v2/lib/LegacyZKEVMStateVariables.sol:140",
            "renamedFrom": "forceBatchTimeout"
          },
          {
            "label": "_legacyIsForcedBatchDisallowed",
            "offset": 28,
            "slot": "123",
            "type": "t_bool",
            "contract": "LegacyZKEVMStateVariables",
            "src": "contracts/v2/lib/LegacyZKEVMStateVariables.sol:144",
            "renamedFrom": "isForcedBatchDisallowed"
          },
          {
            "label": "_legacyVersion",
            "offset": 0,
            "slot": "124",
            "type": "t_uint256",
            "contract": "LegacyZKEVMStateVariables",
            "src": "contracts/v2/lib/LegacyZKEVMStateVariables.sol:148",
            "renamedFrom": "version"
          },
          {
            "label": "_legacyLastVerifiedBatchBeforeUpgrade",
            "offset": 0,
            "slot": "125",
            "type": "t_uint256",
            "contract": "LegacyZKEVMStateVariables",
            "src": "contracts/v2/lib/LegacyZKEVMStateVariables.sol:152",
            "renamedFrom": "lastVerifiedBatchBeforeUpgrade"
          },
          {
            "label": "rollupTypeCount",
            "offset": 0,
            "slot": "126",
            "type": "t_uint32",
            "contract": "PolygonRollupManager",
            "src": "contracts/v2/PolygonRollupManager.sol:170"
          },
          {
            "label": "rollupTypeMap",
            "offset": 0,
            "slot": "127",
            "type": "t_mapping(t_uint32,t_struct(RollupType)3613_storage)",
            "contract": "PolygonRollupManager",
            "src": "contracts/v2/PolygonRollupManager.sol:173"
          },
          {
            "label": "rollupCount",
            "offset": 0,
            "slot": "128",
            "type": "t_uint32",
            "contract": "PolygonRollupManager",
            "src": "contracts/v2/PolygonRollupManager.sol:176"
          },
          {
            "label": "rollupIDToRollupData",
            "offset": 0,
            "slot": "129",
            "type": "t_mapping(t_uint32,t_struct(RollupData)3655_storage)",
            "contract": "PolygonRollupManager",
            "src": "contracts/v2/PolygonRollupManager.sol:179"
          },
          {
            "label": "rollupAddressToID",
            "offset": 0,
            "slot": "130",
            "type": "t_mapping(t_address,t_uint32)",
            "contract": "PolygonRollupManager",
            "src": "contracts/v2/PolygonRollupManager.sol:182"
          },
          {
            "label": "chainIDToRollupID",
            "offset": 0,
            "slot": "131",
            "type": "t_mapping(t_uint64,t_uint32)",
            "contract": "PolygonRollupManager",
            "src": "contracts/v2/PolygonRollupManager.sol:186"
          },
          {
            "label": "totalSequencedBatches",
            "offset": 0,
            "slot": "132",
            "type": "t_uint64",
            "contract": "PolygonRollupManager",
            "src": "contracts/v2/PolygonRollupManager.sol:189"
          },
          {
            "label": "totalVerifiedBatches",
            "offset": 8,
            "slot": "132",
            "type": "t_uint64",
            "contract": "PolygonRollupManager",
            "src": "contracts/v2/PolygonRollupManager.sol:192"
          },
          {
            "label": "lastAggregationTimestamp",
            "offset": 16,
            "slot": "132",
            "type": "t_uint64",
            "contract": "PolygonRollupManager",
            "src": "contracts/v2/PolygonRollupManager.sol:195"
          },
          {
            "label": "trustedAggregatorTimeout",
            "offset": 24,
            "slot": "132",
            "type": "t_uint64",
            "contract": "PolygonRollupManager",
            "src": "contracts/v2/PolygonRollupManager.sol:199"
          },
          {
            "label": "pendingStateTimeout",
            "offset": 0,
            "slot": "133",
            "type": "t_uint64",
            "contract": "PolygonRollupManager",
            "src": "contracts/v2/PolygonRollupManager.sol:202"
          },
          {
            "label": "verifyBatchTimeTarget",
            "offset": 8,
            "slot": "133",
            "type": "t_uint64",
            "contract": "PolygonRollupManager",
            "src": "contracts/v2/PolygonRollupManager.sol:206"
          },
          {
            "label": "multiplierBatchFee",
            "offset": 16,
            "slot": "133",
            "type": "t_uint16",
            "contract": "PolygonRollupManager",
            "src": "contracts/v2/PolygonRollupManager.sol:209"
          },
          {
            "label": "_batchFee",
            "offset": 0,
            "slot": "134",
            "type": "t_uint256",
            "contract": "PolygonRollupManager",
            "src": "contracts/v2/PolygonRollupManager.sol:213"
          },
          {
            "label": "lastDeactivatedEmergencyStateTimestamp",
            "offset": 0,
            "slot": "135",
            "type": "t_uint64",
            "contract": "PolygonRollupManager",
            "src": "contracts/v2/PolygonRollupManager.sol:216"
          }
        ],
        "types": {
          "t_address": {
            "label": "address",
            "numberOfBytes": "20"
          },
          "t_array(t_uint256)10_storage": {
            "label": "uint256[10]",
            "numberOfBytes": "320"
          },
          "t_array(t_uint256)48_storage": {
            "label": "uint256[48]",
            "numberOfBytes": "1536"
          },
          "t_array(t_uint256)50_storage": {
            "label": "uint256[50]",
            "numberOfBytes": "1600"
          },
          "t_bool": {
            "label": "bool",
            "numberOfBytes": "1"
          },
          "t_bytes32": {
            "label": "bytes32",
            "numberOfBytes": "32"
          },
          "t_contract(IPolygonRollupBase)6982": {
            "label": "contract IPolygonRollupBase",
            "numberOfBytes": "20"
          },
          "t_contract(IVerifierRollup)3495": {
            "label": "contract IVerifierRollup",
            "numberOfBytes": "20"
          },
          "t_mapping(t_address,t_bool)": {
            "label": "mapping(address => bool)",
            "numberOfBytes": "32"
          },
          "t_mapping(t_address,t_uint32)": {
            "label": "mapping(address => uint32)",
            "numberOfBytes": "32"
          },
          "t_mapping(t_bytes32,t_struct(RoleData)7469_storage)": {
            "label": "mapping(bytes32 => struct PolygonAccessControlUpgradeable.RoleData)",
            "numberOfBytes": "32"
          },
          "t_mapping(t_uint256,t_struct(PendingState)7350_storage)": {
            "label": "mapping(uint256 => struct LegacyZKEVMStateVariables.PendingState)",
            "numberOfBytes": "32"
          },
          "t_mapping(t_uint32,t_struct(RollupData)3655_storage)": {
            "label": "mapping(uint32 => struct PolygonRollupManager.RollupData)",
            "numberOfBytes": "32"
          },
          "t_mapping(t_uint32,t_struct(RollupType)3613_storage)": {
            "label": "mapping(uint32 => struct PolygonRollupManager.RollupType)",
            "numberOfBytes": "32"
          },
          "t_mapping(t_uint64,t_bytes32)": {
            "label": "mapping(uint64 => bytes32)",
            "numberOfBytes": "32"
          },
          "t_mapping(t_uint64,t_struct(SequencedBatchData)7340_storage)": {
            "label": "mapping(uint64 => struct LegacyZKEVMStateVariables.SequencedBatchData)",
            "numberOfBytes": "32"
          },
          "t_mapping(t_uint64,t_uint32)": {
            "label": "mapping(uint64 => uint32)",
            "numberOfBytes": "32"
          },
          "t_string_storage": {
            "label": "string",
            "numberOfBytes": "32"
          },
          "t_struct(PendingState)7350_storage": {
            "label": "struct LegacyZKEVMStateVariables.PendingState",
            "members": [
              {
                "label": "timestamp",
                "type": "t_uint64",
                "offset": 0,
                "slot": "0"
              },
              {
                "label": "lastVerifiedBatch",
                "type": "t_uint64",
                "offset": 8,
                "slot": "0"
              },
              {
                "label": "exitRoot",
                "type": "t_bytes32",
                "offset": 0,
                "slot": "1"
              },
              {
                "label": "stateRoot",
                "type": "t_bytes32",
                "offset": 0,
                "slot": "2"
              }
            ],
            "numberOfBytes": "96"
          },
          "t_struct(RoleData)7469_storage": {
            "label": "struct PolygonAccessControlUpgradeable.RoleData",
            "members": [
              {
                "label": "members",
                "type": "t_mapping(t_address,t_bool)",
                "offset": 0,
                "slot": "0"
              },
              {
                "label": "adminRole",
                "type": "t_bytes32",
                "offset": 0,
                "slot": "1"
              }
            ],
            "numberOfBytes": "64"
          },
          "t_struct(RollupData)3655_storage": {
            "label": "struct PolygonRollupManager.RollupData",
            "members": [
              {
                "label": "rollupContract",
                "type": "t_contract(IPolygonRollupBase)6982",
                "offset": 0,
                "slot": "0"
              },
              {
                "label": "chainID",
                "type": "t_uint64",
                "offset": 20,
                "slot": "0"
              },
              {
                "label": "verifier",
                "type": "t_contract(IVerifierRollup)3495",
                "offset": 0,
                "slot": "1"
              },
              {
                "label": "forkID",
                "type": "t_uint64",
                "offset": 20,
                "slot": "1"
              },
              {
                "label": "batchNumToStateRoot",
                "type": "t_mapping(t_uint64,t_bytes32)",
                "offset": 0,
                "slot": "2"
              },
              {
                "label": "sequencedBatches",
                "type": "t_mapping(t_uint64,t_struct(SequencedBatchData)7340_storage)",
                "offset": 0,
                "slot": "3"
              },
              {
                "label": "pendingStateTransitions",
                "type": "t_mapping(t_uint256,t_struct(PendingState)7350_storage)",
                "offset": 0,
                "slot": "4"
              },
              {
                "label": "lastLocalExitRoot",
                "type": "t_bytes32",
                "offset": 0,
                "slot": "5"
              },
              {
                "label": "lastBatchSequenced",
                "type": "t_uint64",
                "offset": 0,
                "slot": "6"
              },
              {
                "label": "lastVerifiedBatch",
                "type": "t_uint64",
                "offset": 8,
                "slot": "6"
              },
              {
                "label": "lastPendingState",
                "type": "t_uint64",
                "offset": 16,
                "slot": "6"
              },
              {
                "label": "lastPendingStateConsolidated",
                "type": "t_uint64",
                "offset": 24,
                "slot": "6"
              },
              {
                "label": "lastVerifiedBatchBeforeUpgrade",
                "type": "t_uint64",
                "offset": 0,
                "slot": "7"
              },
              {
                "label": "rollupTypeID",
                "type": "t_uint64",
                "offset": 8,
                "slot": "7"
              },
              {
                "label": "rollupCompatibilityID",
                "type": "t_uint8",
                "offset": 16,
                "slot": "7"
              }
            ],
            "numberOfBytes": "256"
          },
          "t_struct(RollupType)3613_storage": {
            "label": "struct PolygonRollupManager.RollupType",
            "members": [
              {
                "label": "consensusImplementation",
                "type": "t_address",
                "offset": 0,
                "slot": "0"
              },
              {
                "label": "verifier",
                "type": "t_contract(IVerifierRollup)3495",
                "offset": 0,
                "slot": "1"
              },
              {
                "label": "forkID",
                "type": "t_uint64",
                "offset": 20,
                "slot": "1"
              },
              {
                "label": "rollupCompatibilityID",
                "type": "t_uint8",
                "offset": 28,
                "slot": "1"
              },
              {
                "label": "obsolete",
                "type": "t_bool",
                "offset": 29,
                "slot": "1"
              },
              {
                "label": "genesis",
                "type": "t_bytes32",
                "offset": 0,
                "slot": "2"
              }
            ],
            "numberOfBytes": "96"
          },
          "t_struct(SequencedBatchData)7340_storage": {
            "label": "struct LegacyZKEVMStateVariables.SequencedBatchData",
            "members": [
              {
                "label": "accInputHash",
                "type": "t_bytes32",
                "offset": 0,
                "slot": "0"
              },
              {
                "label": "sequencedTimestamp",
                "type": "t_uint64",
                "offset": 0,
                "slot": "1"
              },
              {
                "label": "previousLastBatchSequenced",
                "type": "t_uint64",
                "offset": 8,
                "slot": "1"
              }
            ],
            "numberOfBytes": "64"
          },
          "t_uint16": {
            "label": "uint16",
            "numberOfBytes": "2"
          },
          "t_uint256": {
            "label": "uint256",
            "numberOfBytes": "32"
          },
          "t_uint32": {
            "label": "uint32",
            "numberOfBytes": "4"
          },
          "t_uint64": {
            "label": "uint64",
            "numberOfBytes": "8"
          },
          "t_uint8": {
            "label": "uint8",
            "numberOfBytes": "1"
          }
        },
        "namespaces": {}
      }
    }
  }
}
