{
  "realVerifier": true,
  "trustedSequencerURL": "http://x1-json-rpc:8123",
  "networkName": "zkevm",
  "version": "0.0.1",
  "trustedSequencer": "0x4820E45eB6Cf99074389544F83FE1F30084bdAb7",
  "chainID": 195,
  "trustedAggregator": "0x694D3f1487e17A96edA98Ced6ae3eC751a08E9Fe",
  "trustedAggregatorTimeout": 604799,
  "pendingStateTimeout": 604799,
  "forkID": 6,
  "admin": "0x66EC65555027A0C07e3e4925d4D38c8E68965F0b",
  "zkEVMOwner": "0x66EC65555027A0C07e3e4925d4D38c8E68965F0b",
  "timelockAddress": "0x66EC65555027A0C07e3e4925d4D38c8E68965F0b",
  "minDelayTimelock": 125,
  "salt": "0x0000000000000000000000000000000000000000000000000000000000000000",
  "initialZkEVMDeployerOwner": "0x66EC65555027A0C07e3e4925d4D38c8E68965F0b",
  "maticTokenAddress": "0xe223519d64C0A49e7C08303c2220251be6b70e1d",
  "zkEVMDeployerAddress": "0xeE888C438E0fAd717AB03F7B994aC291FcE31159",
  "gasTokenAddress": "0xe223519d64C0A49e7C08303c2220251be6b70e1d",
  "gasTokenNetwork": 0,
  "deployerPvtKey": "",
  "maxFeePerGas": "",
  "maxPriorityFeePerGas": "",
  "multiplierGas": "",
  "setupEmptyCommittee": true,
  "committeeTimelock": false,
  "consensusContract": "PolygonValidiumEtrogIsolated",
  "dataAvailabilityProtocol": "PolygonDataCommittee"
}