{
  "manifestVersion": "3.2",
  "admin": {
    "address": "0x409a4264d068061aBc6E754f9C167ed3366ded15"
  },
  "proxies": [
    {
      "address": "0xC37c03CC1c1F3Ef626F71B774deD180bf6d5A54c",
      "kind": "transparent"
    }
  ],
  "impls": {
    "2cb0b1580a9262b6fad97eeb66a8e98e6d3c6eadb9d8fdc6deaba8e132792182": {
      "address": "0x14e219D8d60b6734d888985F9C879A748A368E10",
      "layout": {
        "solcVersion": "0.8.20",
        "storage": [
          {
            "label": "_initialized",
            "offset": 0,
            "slot": "0",
            "type": "t_uint8",
            "contract": "Initializable",
            "src": "@openzeppelin/contracts-upgradeable/proxy/utils/Initializable.sol:62",
            "retypedFrom": "bool"
          },
          {
            "label": "_initializing",
            "offset": 1,
            "slot": "0",
            "type": "t_bool",
            "contract": "Initializable",
            "src": "@openzeppelin/contracts-upgradeable/proxy/utils/Initializable.sol:67"
          },
          {
            "label": "_status",
            "offset": 0,
            "slot": "1",
            "type": "t_uint256",
            "contract": "ReentrancyGuardUpgradeable",
            "src": "@openzeppelin/contracts-upgradeable/security/ReentrancyGuardUpgradeable.sol:38"
          },
          {
            "label": "__gap",
            "offset": 0,
            "slot": "2",
            "type": "t_array(t_uint256)49_storage",
            "contract": "ReentrancyGuardUpgradeable",
            "src": "@openzeppelin/contracts-upgradeable/security/ReentrancyGuardUpgradeable.sol:80"
          },
          {
            "label": "_branch",
            "offset": 0,
            "slot": "51",
            "type": "t_array(t_bytes32)32_storage",
            "contract": "DepositContract",
            "src": "contracts/lib/DepositContract.sol:25"
          },
          {
            "label": "depositCount",
            "offset": 0,
            "slot": "83",
            "type": "t_uint256",
            "contract": "DepositContract",
            "src": "contracts/lib/DepositContract.sol:28"
          },
          {
            "label": "_gap",
            "offset": 0,
            "slot": "84",
            "type": "t_array(t_uint256)10_storage",
            "contract": "DepositContract",
            "src": "contracts/lib/DepositContract.sol:34"
          },
          {
            "label": "_gap",
            "offset": 0,
            "slot": "94",
            "type": "t_array(t_uint256)10_storage",
            "contract": "EmergencyManager",
            "src": "contracts/lib/EmergencyManager.sol:23"
          },
          {
            "label": "isEmergencyState",
            "offset": 0,
            "slot": "104",
            "type": "t_bool",
            "contract": "EmergencyManager",
            "src": "contracts/lib/EmergencyManager.sol:26"
          },
          {
            "label": "networkID",
            "offset": 1,
            "slot": "104",
            "type": "t_uint32",
            "contract": "PolygonZkEVMBridge",
            "src": "contracts/PolygonZkEVMBridge.sol:51"
          },
          {
            "label": "globalExitRootManager",
            "offset": 5,
            "slot": "104",
            "type": "t_contract(IBasePolygonZkEVMGlobalExitRoot)12736",
            "contract": "PolygonZkEVMBridge",
            "src": "contracts/PolygonZkEVMBridge.sol:54"
          },
          {
            "label": "lastUpdatedDepositCount",
            "offset": 25,
            "slot": "104",
            "type": "t_uint32",
            "contract": "PolygonZkEVMBridge",
            "src": "contracts/PolygonZkEVMBridge.sol:57"
          },
          {
            "label": "claimedBitMap",
            "offset": 0,
            "slot": "105",
            "type": "t_mapping(t_uint256,t_uint256)",
            "contract": "PolygonZkEVMBridge",
            "src": "contracts/PolygonZkEVMBridge.sol:60"
          },
          {
            "label": "tokenInfoToWrappedToken",
            "offset": 0,
            "slot": "106",
            "type": "t_mapping(t_bytes32,t_address)",
            "contract": "PolygonZkEVMBridge",
            "src": "contracts/PolygonZkEVMBridge.sol:63"
          },
          {
            "label": "wrappedTokenToTokenInfo",
            "offset": 0,
            "slot": "107",
            "type": "t_mapping(t_address,t_struct(TokenInformation)10912_storage)",
            "contract": "PolygonZkEVMBridge",
            "src": "contracts/PolygonZkEVMBridge.sol:66"
          },
          {
            "label": "polygonZkEVMaddress",
            "offset": 0,
            "slot": "108",
            "type": "t_address",
            "contract": "PolygonZkEVMBridge",
            "src": "contracts/PolygonZkEVMBridge.sol:69"
          }
        ],
        "types": {
          "t_address": {
            "label": "address",
            "numberOfBytes": "20"
          },
          "t_array(t_bytes32)32_storage": {
            "label": "bytes32[32]",
            "numberOfBytes": "1024"
          },
          "t_array(t_uint256)10_storage": {
            "label": "uint256[10]",
            "numberOfBytes": "320"
          },
          "t_array(t_uint256)49_storage": {
            "label": "uint256[49]",
            "numberOfBytes": "1568"
          },
          "t_bool": {
            "label": "bool",
            "numberOfBytes": "1"
          },
          "t_bytes32": {
            "label": "bytes32",
            "numberOfBytes": "32"
          },
          "t_contract(IBasePolygonZkEVMGlobalExitRoot)12736": {
            "label": "contract IBasePolygonZkEVMGlobalExitRoot",
            "numberOfBytes": "20"
          },
          "t_mapping(t_address,t_struct(TokenInformation)10912_storage)": {
            "label": "mapping(address => struct PolygonZkEVMBridge.TokenInformation)",
            "numberOfBytes": "32"
          },
          "t_mapping(t_bytes32,t_address)": {
            "label": "mapping(bytes32 => address)",
            "numberOfBytes": "32"
          },
          "t_mapping(t_uint256,t_uint256)": {
            "label": "mapping(uint256 => uint256)",
            "numberOfBytes": "32"
          },
          "t_struct(TokenInformation)10912_storage": {
            "label": "struct PolygonZkEVMBridge.TokenInformation",
            "members": [
              {
                "label": "originNetwork",
                "type": "t_uint32",
                "offset": 0,
                "slot": "0"
              },
              {
                "label": "originTokenAddress",
                "type": "t_address",
                "offset": 4,
                "slot": "0"
              }
            ],
            "numberOfBytes": "32"
          },
          "t_uint256": {
            "label": "uint256",
            "numberOfBytes": "32"
          },
          "t_uint32": {
            "label": "uint32",
            "numberOfBytes": "4"
          },
          "t_uint8": {
            "label": "uint8",
            "numberOfBytes": "1"
          }
        },
        "namespaces": {}
      }
    },
    "a0558176618706d50bfc13975d15b6c73cf578c34062225fc18866be92bda031": {
      "address": "0x14e219D8d60b6734d888985F9C879A748A368E10",
      "layout": {
        "solcVersion": "0.8.20",
        "storage": [
          {
            "label": "_initialized",
            "offset": 0,
            "slot": "0",
            "type": "t_uint8",
            "contract": "Initializable",
            "src": "@openzeppelin/contracts-upgradeable/proxy/utils/Initializable.sol:62",
            "retypedFrom": "bool"
          },
          {
            "label": "_initializing",
            "offset": 1,
            "slot": "0",
            "type": "t_bool",
            "contract": "Initializable",
            "src": "@openzeppelin/contracts-upgradeable/proxy/utils/Initializable.sol:67"
          },
          {
            "label": "_status",
            "offset": 0,
            "slot": "1",
            "type": "t_uint256",
            "contract": "ReentrancyGuardUpgradeable",
            "src": "@openzeppelin/contracts-upgradeable/security/ReentrancyGuardUpgradeable.sol:38"
          },
          {
            "label": "__gap",
            "offset": 0,
            "slot": "2",
            "type": "t_array(t_uint256)49_storage",
            "contract": "ReentrancyGuardUpgradeable",
            "src": "@openzeppelin/contracts-upgradeable/security/ReentrancyGuardUpgradeable.sol:80"
          },
          {
            "label": "_branch",
            "offset": 0,
            "slot": "51",
            "type": "t_array(t_bytes32)32_storage",
            "contract": "DepositContract",
            "src": "contracts/lib/DepositContract.sol:25"
          },
          {
            "label": "depositCount",
            "offset": 0,
            "slot": "83",
            "type": "t_uint256",
            "contract": "DepositContract",
            "src": "contracts/lib/DepositContract.sol:28"
          },
          {
            "label": "_gap",
            "offset": 0,
            "slot": "84",
            "type": "t_array(t_uint256)10_storage",
            "contract": "DepositContract",
            "src": "contracts/lib/DepositContract.sol:34"
          },
          {
            "label": "_gap",
            "offset": 0,
            "slot": "94",
            "type": "t_array(t_uint256)10_storage",
            "contract": "EmergencyManager",
            "src": "contracts/lib/EmergencyManager.sol:23"
          },
          {
            "label": "isEmergencyState",
            "offset": 0,
            "slot": "104",
            "type": "t_bool",
            "contract": "EmergencyManager",
            "src": "contracts/lib/EmergencyManager.sol:26"
          },
          {
            "label": "networkID",
            "offset": 1,
            "slot": "104",
            "type": "t_uint32",
            "contract": "PolygonZkEVMBridgeL2",
            "src": "contracts/l2/PolygonZkEVMBridgeL2.sol:51"
          },
          {
            "label": "globalExitRootManager",
            "offset": 5,
            "slot": "104",
            "type": "t_contract(IBasePolygonZkEVMGlobalExitRoot)1675",
            "contract": "PolygonZkEVMBridgeL2",
            "src": "contracts/l2/PolygonZkEVMBridgeL2.sol:54"
          },
          {
            "label": "lastUpdatedDepositCount",
            "offset": 25,
            "slot": "104",
            "type": "t_uint32",
            "contract": "PolygonZkEVMBridgeL2",
            "src": "contracts/l2/PolygonZkEVMBridgeL2.sol:57"
          },
          {
            "label": "claimedBitMap",
            "offset": 0,
            "slot": "105",
            "type": "t_mapping(t_uint256,t_uint256)",
            "contract": "PolygonZkEVMBridgeL2",
            "src": "contracts/l2/PolygonZkEVMBridgeL2.sol:60"
          },
          {
            "label": "tokenInfoToWrappedToken",
            "offset": 0,
            "slot": "106",
            "type": "t_mapping(t_bytes32,t_address)",
            "contract": "PolygonZkEVMBridgeL2",
            "src": "contracts/l2/PolygonZkEVMBridgeL2.sol:63"
          },
          {
            "label": "wrappedTokenToTokenInfo",
            "offset": 0,
            "slot": "107",
            "type": "t_mapping(t_address,t_struct(TokenInformation)1859_storage)",
            "contract": "PolygonZkEVMBridgeL2",
            "src": "contracts/l2/PolygonZkEVMBridgeL2.sol:66"
          },
          {
            "label": "polygonZkEVMaddress",
            "offset": 0,
            "slot": "108",
            "type": "t_address",
            "contract": "PolygonZkEVMBridgeL2",
            "src": "contracts/l2/PolygonZkEVMBridgeL2.sol:69"
          },
          {
            "label": "gasTokenAddress",
            "offset": 0,
            "slot": "109",
            "type": "t_address",
            "contract": "PolygonZkEVMBridgeL2",
            "src": "contracts/l2/PolygonZkEVMBridgeL2.sol:72"
          },
          {
            "label": "gasTokenNetwork",
            "offset": 20,
            "slot": "109",
            "type": "t_uint32",
            "contract": "PolygonZkEVMBridgeL2",
            "src": "contracts/l2/PolygonZkEVMBridgeL2.sol:75"
          },
          {
            "label": "WETHToken",
            "offset": 0,
            "slot": "110",
            "type": "t_contract(TokenWrapped)4098",
            "contract": "PolygonZkEVMBridgeL2",
            "src": "contracts/l2/PolygonZkEVMBridgeL2.sol:78"
          },
          {
            "label": "isAllL2TokensAllowed",
            "offset": 20,
            "slot": "110",
            "type": "t_bool",
            "contract": "PolygonZkEVMBridgeL2",
            "src": "contracts/l2/PolygonZkEVMBridgeL2.sol:81"
          },
          {
            "label": "isTokenAllowed",
            "offset": 0,
            "slot": "111",
            "type": "t_mapping(t_address,t_bool)",
            "contract": "PolygonZkEVMBridgeL2",
            "src": "contracts/l2/PolygonZkEVMBridgeL2.sol:84"
          }
        ],
        "types": {
          "t_address": {
            "label": "address",
            "numberOfBytes": "20"
          },
          "t_array(t_bytes32)32_storage": {
            "label": "bytes32[32]",
            "numberOfBytes": "1024"
          },
          "t_array(t_uint256)10_storage": {
            "label": "uint256[10]",
            "numberOfBytes": "320"
          },
          "t_array(t_uint256)49_storage": {
            "label": "uint256[49]",
            "numberOfBytes": "1568"
          },
          "t_bool": {
            "label": "bool",
            "numberOfBytes": "1"
          },
          "t_bytes32": {
            "label": "bytes32",
            "numberOfBytes": "32"
          },
          "t_contract(IBasePolygonZkEVMGlobalExitRoot)1675": {
            "label": "contract IBasePolygonZkEVMGlobalExitRoot",
            "numberOfBytes": "20"
          },
          "t_contract(TokenWrapped)4098": {
            "label": "contract TokenWrapped",
            "numberOfBytes": "20"
          },
          "t_mapping(t_address,t_bool)": {
            "label": "mapping(address => bool)",
            "numberOfBytes": "32"
          },
          "t_mapping(t_address,t_struct(TokenInformation)1859_storage)": {
            "label": "mapping(address => struct PolygonZkEVMBridgeL2.TokenInformation)",
            "numberOfBytes": "32"
          },
          "t_mapping(t_bytes32,t_address)": {
            "label": "mapping(bytes32 => address)",
            "numberOfBytes": "32"
          },
          "t_mapping(t_uint256,t_uint256)": {
            "label": "mapping(uint256 => uint256)",
            "numberOfBytes": "32"
          },
          "t_struct(TokenInformation)1859_storage": {
            "label": "struct PolygonZkEVMBridgeL2.TokenInformation",
            "members": [
              {
                "label": "originNetwork",
                "type": "t_uint32",
                "offset": 0,
                "slot": "0"
              },
              {
                "label": "originTokenAddress",
                "type": "t_address",
                "offset": 4,
                "slot": "0"
              }
            ],
            "numberOfBytes": "32"
          },
          "t_uint256": {
            "label": "uint256",
            "numberOfBytes": "32"
          },
          "t_uint32": {
            "label": "uint32",
            "numberOfBytes": "4"
          },
          "t_uint8": {
            "label": "uint8",
            "numberOfBytes": "1"
          }
        },
        "namespaces": {}
      },
      "allAddresses": [
        "0x14e219D8d60b6734d888985F9C879A748A368E10"
      ]
    }
  }
}
