{
 "test": true,
 "timelockAdminAddress": "0xf39Fd6e51aad88F6F4ce6aB8827279cffFb92266",
 "minDelayTimelock": 3600,
 "salt": "0x0000000000000000000000000000000000000000000000000000000000000000",
 "initialZkEVMDeployerOwner": "0xf39Fd6e51aad88F6F4ce6aB8827279cffFb92266",
 "admin": "0xf39Fd6e51aad88F6F4ce6aB8827279cffFb92266",
 "trustedAggregator": "0x70997970C51812dc3A010C7d01b50e0d17dc79C8",
 "trustedAggregatorTimeout": 604799,
 "pendingStateTimeout": 604799,
 "emergencyCouncilAddress": "0xf39Fd6e51aad88F6F4ce6aB8827279cffFb92266",
 "polTokenAddress": "",
 "zkEVMDeployerAddress": "",
 "gasTokenAddress": "",
 "gasTokenNetwork": 0,
 "deployerPvtKey": "",
 "maxFeePerGas": "",
 "maxPriorityFeePerGas": "",
 "multiplierGas": ""
}